Wavelength[nm],Intensity[normalized],Phase[rad]
500.21,0.00290946,-5.30319239
500.68,0.00295322,-5.12768044
501.14,0.00305688,-4.96110833
501.61,0.00328509,-4.80386564
502.08,0.00344161,-4.65566721
502.54,0.00337060,-4.51542778
503.01,0.00317656,-4.38301553
503.48,0.00294735,-4.25867522
503.94,0.00273343,-4.14281846
504.41,0.00263872,-4.03565671
504.87,0.00265251,-3.93653032
505.34,0.00262219,-3.84496021
505.81,0.00244114,-3.76131348
506.27,0.00215999,-3.68580114
506.74,0.00192141,-3.61903403
507.20,0.00179610,-3.56077866
507.67,0.00176450,-3.51166047
508.14,0.00185119,-3.47269520
508.60,0.00197796,-3.44252102
509.07,0.00195827,-3.42003027
509.53,0.00184248,-3.40351449
510.00,0.00178740,-3.39181197
510.47,0.00176872,-3.38548938
510.93,0.00173947,-3.38306086
511.40,0.00173407,-3.38342066
511.86,0.00165783,-3.38528256
512.33,0.00138162,-3.38807260
512.79,0.00107754,-3.39144086
513.26,0.00093328,-3.39462476
513.73,0.00085094,-3.39685999
514.19,0.00081600,-3.39733352
514.66,0.00098592,-3.39567131
515.12,0.00132688,-3.39100385
515.59,0.00163017,-3.38100532
516.05,0.00184189,-3.36666899
516.52,0.00200413,-3.34846814
516.99,0.00207754,-3.32568870
517.45,0.00208908,-3.29810424
517.92,0.00215666,-3.26451928
518.38,0.00230678,-3.22250799
518.85,0.00230045,-3.17621747
519.31,0.00206603,-3.12613491
519.78,0.00196249,-3.07235337
520.24,0.00201931,-3.01595768
520.71,0.00200996,-2.95699357
521.17,0.00206211,-2.89593524
521.64,0.00227807,-2.83403305
522.10,0.00243296,-2.77204097
522.57,0.00239666,-2.71071097
523.03,0.00232588,-2.65123525
523.50,0.00235053,-2.59403503
523.96,0.00246791,-2.53875251
524.43,0.00270817,-2.48714089
524.90,0.00308682,-2.43850782
525.36,0.00355320,-2.39481021
525.83,0.00411513,-2.35992207
526.29,0.00466228,-2.33067344
526.76,0.00489260,-2.30647309
527.22,0.00479900,-2.28504160
527.69,0.00479967,-2.26689000
528.15,0.00519626,-2.25082316
528.61,0.00583939,-2.23831692
529.08,0.00646985,-2.22644059
529.54,0.00700061,-2.21448872
530.01,0.00738847,-2.20173280
530.47,0.00760807,-2.18719947
530.94,0.00777759,-2.16940559
531.40,0.00802868,-2.14811304
531.87,0.00832757,-2.12319885
532.33,0.00870471,-2.09307559
532.80,0.00929189,-2.05728134
533.26,0.01000436,-2.01581362
533.73,0.01060869,-1.96332154
534.19,0.01103007,-1.90299281
534.66,0.01155130,-1.83630215
535.12,0.01239198,-1.76422640
535.59,0.01329690,-1.68669218
536.05,0.01412138,-1.60402070
536.51,0.01502993,-1.51284206
536.98,0.01589379,-1.41788867
537.44,0.01657966,-1.32047220
537.91,0.01721756,-1.22234923
538.37,0.01781044,-1.12354000
538.84,0.01848037,-1.02528606
539.30,0.01941008,-0.92866697
539.77,0.02042485,-0.83451021
540.23,0.02128805,-0.74454518
540.69,0.02202893,-0.65883628
541.16,0.02270431,-0.57858787
541.62,0.02343384,-0.50668816
542.09,0.02451210,-0.44582883
542.55,0.02583508,-0.39223013
543.02,0.02706355,-0.34677936
543.48,0.02822389,-0.30895213
543.94,0.02924520,-0.27874625
544.41,0.02998555,-0.25786270
544.87,0.03079725,-0.24819311
545.34,0.03188167,-0.24590114
545.80,0.03307849,-0.24994129
546.26,0.03439315,-0.26113640
546.73,0.03574357,-0.27795055
547.19,0.03684821,-0.29890603
547.66,0.03746780,-0.32356394
548.12,0.03773075,-0.35114795
548.58,0.03804137,-0.38108597
549.05,0.03858713,-0.41224196
549.51,0.03945685,-0.44401676
549.97,0.04079174,-0.47471723
550.44,0.04245316,-0.50144025
550.90,0.04415883,-0.52669228
551.37,0.04580260,-0.54999975
551.83,0.04723450,-0.57051543
552.29,0.04857157,-0.58788501
552.76,0.05022268,-0.60233694
553.22,0.05199381,-0.60999015
553.68,0.05323267,-0.61524912
554.15,0.05401791,-0.61788394
554.61,0.05528781,-0.61831541
555.07,0.05750841,-0.61647090
555.54,0.06016183,-0.61261022
556.00,0.06224388,-0.60750734
556.47,0.06287622,-0.60104414
556.93,0.06219906,-0.59297143
557.39,0.06169917,-0.58375468
557.86,0.06267927,-0.57406933
558.32,0.06492057,-0.56469717
558.78,0.06749441,-0.55647742
559.25,0.06962913,-0.55017850
559.71,0.07094135,-0.54453661
560.17,0.07192178,-0.53938784
560.64,0.07303314,-0.53516879
561.10,0.07397917,-0.53174051
561.56,0.07496735,-0.52986902
562.02,0.07658926,-0.53124715
562.49,0.07861121,-0.53271250
562.95,0.08031240,-0.53398318
563.41,0.08164805,-0.53484136
563.88,0.08309642,-0.53559498
564.34,0.08430076,-0.53642402
564.80,0.08507863,-0.53795315
565.27,0.08631973,-0.53919570
565.73,0.08787948,-0.54032644
566.19,0.08858333,-0.54114099
566.65,0.08863442,-0.54153149
567.12,0.08949334,-0.54144120
567.58,0.09197301,-0.54014916
568.04,0.09561195,-0.53610592
568.51,0.09946582,-0.53219334
568.97,0.10314986,-0.52741036
569.43,0.10614599,-0.52225738
569.89,0.10779151,-0.51588171
570.36,0.10879067,-0.50931169
570.82,0.11031256,-0.50094529
571.28,0.11249857,-0.49135509
571.75,0.11459956,-0.48126307
572.21,0.11563566,-0.47042490
572.67,0.11547174,-0.45945026
573.13,0.11495741,-0.44857191
573.60,0.11478634,-0.43731396
574.06,0.11473389,-0.42666770
574.52,0.11422209,-0.41562270
574.98,0.11306934,-0.40481459
575.45,0.11167376,-0.39460822
575.91,0.11085406,-0.38443620
576.37,0.11195020,-0.37404318
576.83,0.11510303,-0.36303611
577.30,0.11832069,-0.35158006
577.76,0.12051535,-0.34083161
578.22,0.12268240,-0.33016385
578.68,0.12454956,-0.31957337
579.14,0.12429451,-0.30931647
579.61,0.12180411,-0.29925759
580.07,0.11926855,-0.28922347
580.53,0.11835740,-0.27992966
580.99,0.11822946,-0.27115937
581.46,0.11737980,-0.26397745
581.92,0.11612190,-0.25800984
582.38,0.11517829,-0.25283731
582.84,0.11417021,-0.24892197
583.30,0.11303756,-0.24639318
583.77,0.11264870,-0.24580288
584.23,0.11391375,-0.24591848
584.69,0.11684457,-0.24725535
585.15,0.11993809,-0.24947739
585.61,0.12180738,-0.25236174
586.07,0.12218566,-0.25637172
586.54,0.12158448,-0.26253926
587.00,0.12182384,-0.27025591
587.46,0.12401087,-0.27904976
587.92,0.12660902,-0.28756139
588.38,0.12848904,-0.29573608
588.85,0.13022645,-0.30339824
589.31,0.13248159,-0.31116915
589.77,0.13563895,-0.31852581
590.23,0.13891863,-0.32585396
590.69,0.14054934,-0.33278970
591.15,0.14025300,-0.33892687
591.62,0.13959022,-0.34375414
592.08,0.14016054,-0.34737231
592.54,0.14262867,-0.34963736
593.00,0.14649409,-0.34987428
593.46,0.15087557,-0.34751046
593.92,0.15602020,-0.34347858
594.38,0.16264465,-0.33762128
594.85,0.16982700,-0.33037008
595.31,0.17622729,-0.32106914
595.77,0.18167020,-0.31019362
596.23,0.18478284,-0.29755776
596.69,0.18382304,-0.28261563
597.15,0.18096227,-0.26647384
597.61,0.18029194,-0.24958165
598.07,0.18229712,-0.23241774
598.54,0.18437540,-0.21509737
599.00,0.18561019,-0.19848396
599.46,0.18767360,-0.18197434
599.92,0.19130117,-0.16652790
600.38,0.19471130,-0.15203513
600.84,0.19649516,-0.13862949
601.30,0.19721015,-0.12625022
601.76,0.19690365,-0.11576899
602.22,0.19479598,-0.10686061
602.69,0.19144463,-0.09931963
603.15,0.18868815,-0.09426670
603.61,0.18752746,-0.09136906
604.07,0.18723974,-0.09013138
604.53,0.18710288,-0.09023919
604.99,0.18745104,-0.09192710
605.45,0.18914935,-0.09510448
605.91,0.19274275,-0.09892059
606.37,0.19676867,-0.10397351
606.83,0.19921976,-0.11042497
607.29,0.20043074,-0.11769124
607.75,0.20099371,-0.12526254
608.22,0.20033470,-0.13304856
608.68,0.19908181,-0.14073533
609.14,0.19793434,-0.14813355
609.60,0.19529782,-0.15471254
610.06,0.19105283,-0.15972321
610.52,0.18778023,-0.16357227
610.98,0.18601566,-0.16651263
611.44,0.18483103,-0.16842336
611.90,0.18522148,-0.16936976
612.36,0.18802302,-0.16923451
612.82,0.19194009,-0.16756673
613.28,0.19519715,-0.16471939
613.74,0.19686407,-0.15994334
614.20,0.19822255,-0.15353181
614.66,0.20148239,-0.14586405
615.12,0.20579046,-0.13696774
615.58,0.20801178,-0.12724236
616.04,0.20690234,-0.11566659
616.50,0.20386892,-0.10290932
616.96,0.20111645,-0.08924461
617.42,0.19965480,-0.07454986
617.88,0.19899963,-0.05880144
618.34,0.19859157,-0.04251169
618.80,0.19995683,-0.02576408
619.26,0.20492066,-0.00850624
619.72,0.21243978,0.00864584
620.18,0.22145670,0.02620631
620.64,0.23086079,0.04373472
621.10,0.23701616,0.06086629
621.56,0.23842207,0.07780316
622.02,0.23849946,0.09482729
622.48,0.24152132,0.11103908
622.94,0.24867725,0.12715474
623.40,0.25788306,0.14292693
623.86,0.26630392,0.15836641
624.32,0.27203211,0.17330549
624.78,0.27423634,0.18714759
625.24,0.27357871,0.20030856
625.70,0.27298804,0.21315439
626.16,0.27611621,0.22532597
626.62,0.28182085,0.23635225
627.08,0.28568113,0.24692980
627.54,0.28776402,0.25574834
628.00,0.29022514,0.26372501
628.46,0.29242080,0.27072536
628.92,0.29374452,0.27716749
629.38,0.29532295,0.28237410
629.84,0.29914778,0.28681492
630.30,0.30455575,0.29059109
630.76,0.30627494,0.29290499
631.22,0.30208463,0.29335449
631.68,0.29653093,0.29316666
632.13,0.29406084,0.29257516
632.59,0.29545011,0.29146999
633.05,0.29915376,0.29038455
633.51,0.30251785,0.28923106
633.97,0.30426505,0.28847162
634.43,0.30526666,0.28812346
634.89,0.30583202,0.28832220
635.35,0.30467465,0.28979734
635.81,0.29979083,0.29395112
636.27,0.29179247,0.29949361
636.73,0.28382095,0.30696944
637.19,0.27536836,0.31641317
637.64,0.26324632,0.32659529
638.10,0.24925385,0.33883179
638.56,0.23939061,0.35212432
639.02,0.23755568,0.36617956
639.48,0.24195212,0.38259770
639.94,0.24548363,0.40041037
640.40,0.24369974,0.41899412
640.86,0.23980821,0.43846442
641.32,0.23654197,0.45885425
641.78,0.23179317,0.47908009
642.23,0.22505769,0.49901770
642.69,0.22115290,0.51871238
643.15,0.22453065,0.53706949
643.61,0.23227387,0.55455649
644.07,0.23653730,0.57115524
644.53,0.23356884,0.58702460
644.99,0.22743587,0.60204600
645.44,0.22378471,0.61644326
645.90,0.22322967,0.62920619
646.36,0.22367347,0.64117060
646.82,0.22544324,0.65167096
647.28,0.22932168,0.65834372
647.74,0.23252615,0.66365426
648.20,0.23318122,0.66851320
648.65,0.23322856,0.67302807
649.11,0.23340681,0.67725393
649.57,0.23299581,0.68103677
650.03,0.23294954,0.68450897
650.49,0.23463554,0.68762754
650.95,0.23973550,0.69125324
651.40,0.24801247,0.69552737
651.86,0.25451634,0.69978874
652.32,0.25714620,0.70444070
652.78,0.26127993,0.70920529
653.24,0.27085009,0.71374601
653.69,0.28478732,0.71801447
654.15,0.30086735,0.72270225
654.61,0.31474003,0.72752853
655.07,0.32327242,0.73508008
655.53,0.32901098,0.74534996
655.99,0.33622179,0.75572443
656.44,0.34552596,0.76526516
656.90,0.35484425,0.77399006
657.36,0.36588464,0.78165107
657.82,0.38143307,0.78807381
658.27,0.39666715,0.79332394
658.73,0.40519369,0.79687566
659.19,0.40880103,0.79821601
659.65,0.41231373,0.79751543
660.11,0.41649643,0.79494353
660.56,0.42241766,0.79035370
661.02,0.43155612,0.78366235
661.48,0.43813039,0.77481215
661.94,0.43514832,0.76354099
662.39,0.42456083,0.74960933
662.85,0.41151633,0.73330225
663.31,0.39848486,0.70892946
663.77,0.38925047,0.68000149
664.22,0.38578571,0.64922078
664.68,0.38432941,0.61661628
665.14,0.38126430,0.58355491
665.60,0.37664455,0.54951369
666.05,0.37045129,0.51497898
666.51,0.36228312,0.48054514
666.97,0.35475717,0.44593665
667.43,0.35140395,0.41195101
667.88,0.35195070,0.37932440
668.34,0.35341412,0.34760901
668.80,0.35495756,0.31688331
669.26,0.35937570,0.28750896
669.71,0.36872154,0.25970803
670.17,0.38161826,0.23373628
670.63,0.39608909,0.20993969
671.08,0.41072584,0.18893467
671.54,0.42149028,0.17522325
672.00,0.42430281,0.17066481
672.46,0.42209937,0.16885188
672.91,0.42337359,0.16883617
673.37,0.43346636,0.17060033
673.83,0.45033772,0.17344495
674.28,0.47117845,0.17730875
674.74,0.49781319,0.18154274
675.20,0.52952198,0.18569110
675.65,0.55917360,0.18918966
676.11,0.58285971,0.19179915
676.57,0.60648699,0.19256766
677.03,0.63777537,0.19128234
677.48,0.67288848,0.18740842
677.94,0.69981511,0.18013695
678.40,0.71502180,0.16907244
678.85,0.72638731,0.15357419
679.31,0.74046914,0.13311972
679.77,0.75948948,0.10720666
680.22,0.78557623,0.06349409
680.68,0.81889839,0.00705091
681.14,0.85822015,-0.05440400
681.59,0.89853623,-0.12049536
682.05,0.92951029,-0.19099026
682.50,0.95180375,-0.26440066
682.96,0.97527246,-0.33976559
683.42,0.99536468,-0.41695164
683.87,1.00000000,-0.49505310
684.33,0.98929849,-0.57292043
684.79,0.97483938,-0.65005620
685.24,0.96901775,-0.72496449
685.70,0.97512143,-0.79730635
686.16,0.98604845,-0.86574489
686.61,0.98605431,-0.92994742
687.07,0.96622101,-0.98859336
687.52,0.93396339,-1.04042335
687.98,0.89882569,-1.08497764
688.44,0.86894929,-1.12092497
688.89,0.84929588,-1.13870931
689.35,0.83476491,-1.12966911
689.80,0.81889306,-1.11156233
690.26,0.79822338,-1.08535869
690.72,0.77188625,-1.05211748
691.17,0.74491668,-1.01228312
691.63,0.72239277,-0.96688360
692.08,0.70081688,-0.91714941
692.54,0.67123954,-0.86347064
693.00,0.63250175,-0.80682492
693.45,0.59439965,-0.74827360
693.91,0.56711377,-0.68966103
694.36,0.55398560,-0.63076989
694.82,0.54818312,-0.57281583
695.28,0.53667858,-0.51634459
695.73,0.51328070,-0.46217590
696.19,0.48788296,-0.41089299
696.64,0.47374105,-0.36328330
697.10,0.46978955,-0.32006334
697.55,0.46976170,-0.28235619
698.01,0.47369141,-0.26701412
698.46,0.47709136,-0.27308815
698.92,0.47076825,-0.28371202
699.38,0.45302570,-0.29859388
699.83,0.42814633,-0.31556388
700.29,0.40442264,-0.33384092
700.74,0.39230470,-0.35189266
701.20,0.39106101,-0.36895649
701.65,0.39008668,-0.38415673
702.11,0.38377448,-0.39652083
702.56,0.37410411,-0.40113188
703.02,0.36508092,-0.39531531
703.47,0.35778631,-0.38406696
703.93,0.35280506,-0.36691559
704.38,0.35406525,-0.34375768
704.84,0.35880702,-0.31385202
705.29,0.35405953,-0.27640077
705.75,0.33553265,-0.23161318
706.21,0.31383528,-0.17850947
706.66,0.29604036,-0.11715066
707.12,0.27979865,-0.04190015
707.57,0.26265637,0.07301931
708.03,0.24506315,0.19550931
708.48,0.22854564,0.32407112
708.94,0.21214846,0.45759013
709.39,0.19333122,0.59414999
709.84,0.17414179,0.73223158
710.30,0.15889690,0.87009293
710.75,0.14883108,1.00705915
711.21,0.14146302,1.14196413
711.66,0.13265015,1.27331128
712.12,0.12085393,1.38815662
712.57,0.10843517,1.49343691
713.03,0.09791867,1.59243599
713.48,0.08946166,1.68471780
713.94,0.08195658,1.76997743
714.39,0.07461611,1.84779149
714.85,0.06799108,1.91758536
715.30,0.06312196,1.97815990
715.76,0.05990727,2.02966128
716.21,0.05775852,2.07124421
716.66,0.05660296,2.09701454
717.12,0.05627153,2.09085428
717.57,0.05670534,2.07485221
718.03,0.05800038,2.04972680
718.48,0.05954666,2.01659057
718.94,0.06058019,1.97583599
719.39,0.06147085,1.92859282
719.85,0.06326929,1.87549473
720.30,0.06581993,1.81738248
720.75,0.06786942,1.75504930
721.21,0.06884041,1.68953816
721.66,0.06928648,1.62381468
722.12,0.06999537,1.55956406
722.57,0.07064221,1.49332924
723.02,0.07015062,1.42563622
723.48,0.06830861,1.35697386
723.93,0.06613903,1.28819601
724.39,0.06484006,1.21901491
724.84,0.06450688,1.15085930
725.29,0.06380649,1.08421881
725.75,0.06117110,1.01955257
726.20,0.05655553,0.95736929
726.66,0.05138860,0.90275285
727.11,0.04679470,0.85422767
727.56,0.04313994,0.80818951
728.02,0.04035944,0.76492183
728.47,0.03815251,0.72482072
728.93,0.03624734,0.68772687
729.38,0.03435283,0.65383911
729.83,0.03227326,0.62338849
730.29,0.02992331,0.59637416
730.74,0.02725909,0.57228645
731.19,0.02472861,0.55110550
731.65,0.02311875,0.53724327
732.10,0.02278978,0.52821303
732.55,0.02336040,0.52144703
733.01,0.02416336,0.51595320
733.46,0.02516065,0.51222199
733.92,0.02698527,0.50983783
734.37,0.02987575,0.50820136
734.82,0.03304902,0.50758801
735.28,0.03558247,0.50771017
735.73,0.03781010,0.50854640
736.18,0.04109830,0.51037543
736.64,0.04629442,0.51170905
737.09,0.05309568,0.51254187
737.54,0.06044438,0.51363279
737.99,0.06718077,0.51506587
738.45,0.07267103,0.51615305
738.90,0.07680610,0.51677740
739.35,0.08017079,0.51695783
739.81,0.08314951,0.51657224
740.26,0.08485857,0.51527122
740.71,0.08453748,0.51334072
741.17,0.08197695,0.51049729
741.62,0.07725233,0.50537787
742.07,0.07191716,0.49407406
742.53,0.06805280,0.48193518
742.98,0.06588981,0.46833127
743.43,0.06439857,0.45413689
743.88,0.06311885,0.43929279
744.34,0.06216069,0.42348760
744.79,0.06133862,0.40678079
745.24,0.05990212,0.38935193
745.70,0.05752868,0.37128504
746.15,0.05506527,0.35239222
746.60,0.05356098,0.33334719
747.05,0.05381894,0.31498419
747.51,0.05637487,0.29646529
747.96,0.06065023,0.27713507
748.41,0.06541359,0.25767082
748.86,0.07011886,0.23794629
749.32,0.07510685,0.21774483
749.77,0.08123987,0.19752004
750.22,0.08908136,0.17704535
750.67,0.09817667,0.15649981
751.13,0.10685764,0.13565142
751.58,0.11277520,0.11477325
752.03,0.11545778,0.09385888
752.48,0.11767075,0.07402984
752.94,0.12182782,0.05458200
753.39,0.12665198,0.03496330
753.84,0.13072162,0.01575528
754.29,0.13551768,-0.00357957
754.74,0.14315249,-0.02290626
755.20,0.15510663,-0.04179088
755.65,0.16918992,-0.06059757
756.10,0.17919153,-0.07987266
756.55,0.18395600,-0.09970581
757.00,0.18840252,-0.11982947
757.46,0.19321916,-0.14154749
757.91,0.19515273,-0.16980812
758.36,0.19476251,-0.19878873
758.81,0.19519605,-0.22786179
759.26,0.19780251,-0.25718120
759.72,0.20224413,-0.28610478
760.17,0.20750259,-0.31479957
760.62,0.21239527,-0.34300397
761.07,0.21656160,-0.36997318
761.52,0.21988390,-0.39572148
761.98,0.22479625,-0.41977331
762.43,0.23598878,-0.44189685
762.88,0.25140938,-0.46063135
763.33,0.26340917,-0.47038833
763.78,0.26896728,-0.47733083
764.23,0.26969869,-0.48176480
764.69,0.26716436,-0.48334859
765.14,0.26296001,-0.48245273
765.59,0.26099688,-0.47899300
766.04,0.26433204,-0.47297893
766.49,0.27029607,-0.46402779
766.94,0.27547459,-0.45262961
767.39,0.28078820,-0.43858187
767.85,0.28806332,-0.42184149
768.30,0.29660119,-0.40255411
768.75,0.30161371,-0.37070471
769.20,0.29974132,-0.33617488
769.65,0.29466073,-0.30005255
770.10,0.28985179,-0.26306012
770.55,0.28652445,-0.22529562
771.01,0.28780185,-0.18781582
771.46,0.29206499,-0.15082006
771.91,0.29375684,-0.11463593
772.36,0.29406098,-0.08020614
772.81,0.29561868,-0.04776456
773.26,0.29376487,-0.01747920
773.71,0.28531791,0.00946788
774.16,0.27596063,0.02249059
774.61,0.27112907,0.02291538
775.06,0.26897179,0.02019926
775.52,0.26568475,0.01411378
775.97,0.26012485,0.00537193
776.42,0.25140629,-0.00551264
776.87,0.23845455,-0.01844325
777.32,0.22371625,-0.03331010
777.77,0.21160624,-0.04957622
778.22,0.20228971,-0.06694857
778.67,0.19214240,-0.08512024
779.12,0.18048076,-0.10376890
779.57,0.17013421,-0.12269434
780.02,0.16166714,-0.14154821
780.47,0.15355122,-0.15967620
780.92,0.14575647,-0.17699095
781.37,0.13832959,-0.19380459
781.83,0.12976350,-0.20966764
782.28,0.11923682,-0.22441759
782.73,0.10764486,-0.23787765
783.18,0.09537270,-0.24979506
783.63,0.08211843,-0.26022128
784.08,0.06903515,-0.26858543
784.53,0.05805602,-0.27513489
784.98,0.04938517,-0.27932762
785.43,0.04216944,-0.27871095
785.88,0.03618503,-0.26471806
786.33,0.03123251,-0.24851250
786.78,0.02698037,-0.23023975
787.23,0.02343987,-0.21041395
787.68,0.02054812,-0.18907126
788.13,0.01792617,-0.16643174
788.58,0.01549389,-0.14306184
789.03,0.01372058,-0.11869035
789.48,0.01271787,-0.09366823
789.93,0.01205941,-0.06856503
790.38,0.01174879,-0.04285520
790.83,0.01232901,-0.01694732
791.28,0.01395204,0.00867454
791.73,0.01620072,0.03349775
792.18,0.01895173,0.05806066
792.63,0.02239349,0.08222117
793.08,0.02630576,0.10610315
793.53,0.03003314,0.12926869
793.98,0.03283256,0.15160730
794.43,0.03454076,0.17293098
794.88,0.03603198,0.19338068
795.33,0.03820177,0.21285136
795.78,0.04125390,0.23053917
796.23,0.04496132,0.24706656
796.68,0.04917563,0.26198852
797.13,0.05397397,0.27498374
797.58,0.05881624,0.28052255
798.03,0.06377787,0.28384971
798.48,0.06996813,0.28528506
798.92,0.07673910,0.28502595
799.37,0.08247745,0.28293532
799.82,0.08803146,0.27861593
800.27,0.09538386,0.27203889
800.72,0.10467978,0.26374065
801.17,0.11502701,0.25361581
801.62,0.12499327,0.24164974
802.07,0.13347147,0.22809759
802.52,0.14375560,0.21281021
802.97,0.16114865,0.19609927
803.42,0.18404056,0.17497284
803.87,0.20521616,0.15077307
804.32,0.21913094,0.12550254
804.77,0.22382810,0.09963463
805.21,0.22220021,0.07337012
805.66,0.22014899,0.04687204
806.11,0.22145821,0.02044096
806.56,0.22590104,-0.00596674
807.01,0.23159434,-0.03187580
807.46,0.23709633,-0.05729097
807.91,0.24049246,-0.08202647
808.36,0.24183255,-0.10594563
808.81,0.24464164,-0.12857461
809.25,0.24876277,-0.14986444
809.70,0.24781776,-0.16454746
810.15,0.23805007,-0.17790543
810.60,0.22237472,-0.19034937
811.05,0.20457996,-0.20178240
811.50,0.18627971,-0.21205969
811.95,0.16873948,-0.22143406
812.40,0.15371213,-0.22990363
812.84,0.14258856,-0.23780177
813.29,0.13504029,-0.24467684
813.74,0.12803232,-0.25106643
814.19,0.11843711,-0.25693032
814.64,0.10609684,-0.26198919
815.09,0.09313040,-0.26648651
815.54,0.08197138,-0.26898267
815.98,0.07344731,-0.26816731
816.43,0.06663091,-0.26701564
816.88,0.06020225,-0.26563803
817.33,0.05338297,-0.26356659
817.78,0.04651317,-0.26114697
818.22,0.04052762,-0.25854791
818.67,0.03619897,-0.25593283
819.12,0.03404751,-0.25322209
819.57,0.03329758,-0.25049265
820.02,0.03214266,-0.24780410
820.47,0.03033911,-0.24493996
820.91,0.02896338,-0.24222356
821.36,0.02814507,-0.23977457
821.81,0.02730223,-0.23783299
822.26,0.02627234,-0.23771087
822.71,0.02545711,-0.23779777
823.15,0.02500331,-0.23822290
823.60,0.02447267,-0.23899203
824.05,0.02410388,-0.24009749
824.50,0.02439214,-0.24151100
824.95,0.02462114,-0.24354799
825.39,0.02429545,-0.24635176
825.84,0.02368469,-0.24944015
826.29,0.02264687,-0.25326114
826.74,0.02136527,-0.25805991
827.18,0.02018133,-0.26368261
827.63,0.01885412,-0.27004068
828.08,0.01732257,-0.27684257
828.53,0.01594274,-0.28844583
828.97,0.01530184,-0.30145209
829.42,0.01566477,-0.31522520
829.87,0.01616819,-0.32949224
830.32,0.01601980,-0.34419075
830.76,0.01590739,-0.35878853
831.21,0.01631924,-0.37311022
831.66,0.01642650,-0.38686463
832.11,0.01553753,-0.40027266
832.55,0.01402258,-0.41301863
833.00,0.01275053,-0.42470330
833.45,0.01199311,-0.43538117
833.90,0.01144233,-0.44491142
834.34,0.01089317,-0.45344357
834.79,0.01040633,-0.45899584
835.24,0.01044532,-0.45947738
835.68,0.01108805,-0.45869986
836.13,0.01137610,-0.45665904
836.58,0.01103389,-0.45320393
837.03,0.01101854,-0.44870910
837.47,0.01155349,-0.44330617
837.92,0.01214136,-0.43681919
838.37,0.01293426,-0.42942856
838.81,0.01407632,-0.42119099
839.26,0.01514639,-0.41250442
839.71,0.01636478,-0.40309757
840.15,0.01806026,-0.39297770
840.60,0.01960962,-0.38235461
841.05,0.02071661,-0.37146271
841.49,0.02173566,-0.35946084
841.94,0.02287599,-0.34703135
842.39,0.02395992,-0.33458447
842.83,0.02480727,-0.32210928
843.28,0.02568797,-0.30975264
843.73,0.02656742,-0.29796630
844.17,0.02707800,-0.28638935
844.62,0.02762026,-0.27506424
845.07,0.02908111,-0.26411236
845.51,0.03148631,-0.25364082
845.96,0.03399796,-0.24391281
846.41,0.03649121,-0.23477867
846.85,0.03981033,-0.22633530
847.30,0.04375723,-0.21873440
847.75,0.04713147,-0.21206616
848.19,0.04998051,-0.20904988
848.64,0.05295691,-0.20900076
849.08,0.05692772,-0.20981427
849.53,0.06310062,-0.21129776
849.98,0.06986728,-0.21348943
850.42,0.07402707,-0.21623563
850.87,0.07573435,-0.21953480
851.32,0.07703896,-0.22327870
851.76,0.07841723,-0.22744653
852.21,0.07879270,-0.23200458
852.65,0.07729623,-0.23709563
853.10,0.07554916,-0.24270066
853.55,0.07581257,-0.24875536
853.99,0.07817614,-0.25502967
854.44,0.08194500,-0.26166365
854.88,0.08614707,-0.26895638
855.33,0.08999360,-0.27733135
855.77,0.09401920,-0.28617841
856.22,0.09804044,-0.29465616
856.67,0.10008130,-0.30313479
857.11,0.09920695,-0.31117821
857.56,0.09660576,-0.31887276
858.00,0.09416464,-0.32643418
858.45,0.09344254,-0.33315873
858.89,0.09476770,-0.33910738
859.34,0.09663439,-0.34420513
859.79,0.09727675,-0.34838606
860.23,0.09757134,-0.35130602
860.68,0.09960802,-0.35324883
861.12,0.10364845,-0.35393239
861.57,0.10880619,-0.35314019
862.01,0.11468564,-0.34226399
862.46,0.12102035,-0.32732862
862.90,0.12611242,-0.31104658
863.35,0.12808976,-0.29374765
863.79,0.12754873,-0.27544855
864.24,0.12640591,-0.25644141
864.69,0.12506997,-0.23686954
865.13,0.12404585,-0.21688585
865.58,0.12548603,-0.19681702
866.02,0.12960834,-0.17691484
866.47,0.13390745,-0.15739490
866.91,0.13707300,-0.13847168
867.36,0.14022951,-0.12046528
867.80,0.14356777,-0.10341088
868.25,0.14572784,-0.08789881
868.69,0.14723026,-0.07381156
869.14,0.14927288,-0.07422563
869.58,0.15070601,-0.07707280
870.03,0.15018065,-0.08156253
870.47,0.14814355,-0.08749221
870.92,0.14610331,-0.09496542
871.36,0.14499747,-0.10386248
871.81,0.14458977,-0.11424298
872.25,0.14468107,-0.12549986
872.69,0.14587646,-0.13792589
873.14,0.14958935,-0.15144961
873.58,0.15597332,-0.16559285
874.03,0.16140068,-0.18040432
874.47,0.16209191,-0.19592869
874.92,0.15890808,-0.21195098
875.36,0.15545839,-0.22817758
875.81,0.15336163,-0.24458846
876.25,0.15208418,-0.26052815
876.70,0.15049481,-0.27638377
877.14,0.14672554,-0.29201989
877.58,0.14151431,-0.30720883
878.03,0.13970297,-0.32195193
878.47,0.14331555,-0.33599367
878.92,0.14810750,-0.34934520
879.36,0.14954784,-0.36187864
879.81,0.14890821,-0.37336176
880.25,0.14959440,-0.38390119
880.69,0.15118449,-0.39326970
881.14,0.15291674,-0.40133208
881.58,0.15611569,-0.40787052
882.03,0.15868363,-0.41304443
882.47,0.15665935,-0.41686365
882.91,0.15107159,-0.41919745
883.36,0.14578803,-0.41364912
883.80,0.14173836,-0.40021144
884.25,0.13977665,-0.38505511
884.69,0.13998684,-0.36871884
885.13,0.13893556,-0.35124552
885.58,0.13518644,-0.33278558
886.02,0.13191737,-0.31361527
886.47,0.13140492,-0.29353513
886.91,0.13285586,-0.27299145
887.35,0.13488212,-0.25178912
887.80,0.13680863,-0.23047055
888.24,0.13737584,-0.20870581
888.68,0.13641595,-0.18708652
889.13,0.13669354,-0.16522644
889.57,0.14024665,-0.14352924
890.02,0.14602574,-0.12192953
890.46,0.15192896,-0.10071124
890.90,0.15631633,-0.08332233
891.35,0.15770007,-0.06692698
891.79,0.15407364,-0.05101580
892.23,0.14491742,-0.03537570
892.68,0.13419449,-0.02029721
893.12,0.12766027,-0.00611052
893.56,0.12638379,0.00727432
894.01,0.12706067,0.01968829
894.45,0.12841270,0.03107864
894.89,0.13238546,0.04131823
895.34,0.13908729,0.05039039
895.78,0.14509943,0.05827173
896.22,0.14727011,0.06457241
896.67,0.14549032,0.06930464
897.11,0.14194754,0.07253714
897.55,0.13965104,0.07393758
897.99,0.14019044,0.07358762
898.44,0.14236122,0.05943818
898.88,0.14346828,0.04189206
899.32,0.14193060,0.02232634
899.77,0.13999469,0.00104576
900.21,0.14273140,-0.02166362
900.65,0.15086821,-0.04554441
901.09,0.15763473,-0.07049494
901.54,0.15747575,-0.09670399
901.98,0.15233191,-0.12376363
902.42,0.14616320,-0.15123905
902.87,0.14006287,-0.17900642
903.31,0.13364855,-0.20681110
903.75,0.12784630,-0.23433473
904.19,0.12456196,-0.26148577
904.64,0.12386186,-0.28798679
905.08,0.12305001,-0.31370356
905.52,0.11982207,-0.33857705
905.96,0.11492518,-0.35612143
906.41,0.11196738,-0.36880161
906.85,0.11327412,-0.38007313
907.29,0.11546700,-0.38986741
907.73,0.11508600,-0.39847123
908.18,0.11421160,-0.40577634
908.62,0.11496780,-0.41189507
909.06,0.11583797,-0.41672253
909.50,0.11455640,-0.42045486
909.94,0.11057459,-0.42297299
910.39,0.10509273,-0.42446356
910.83,0.09964904,-0.42479506
911.27,0.09576244,-0.42410353
911.71,0.09369714,-0.42234742
912.16,0.09120042,-0.41946521
912.60,0.08754647,-0.41535283
913.04,0.08524646,-0.41004004
913.48,0.08485062,-0.40350794
913.92,0.08483729,-0.39000032
914.37,0.08553273,-0.37564525
914.81,0.08707099,-0.36018858
915.25,0.08780859,-0.34413223
915.69,0.08683413,-0.32723932
916.13,0.08462303,-0.30966071
916.57,0.08222002,-0.29152642
917.02,0.08051653,-0.27329608
917.46,0.07987085,-0.25483272
917.90,0.08077168,-0.23617131
918.34,0.08297314,-0.21753025
918.78,0.08493532,-0.19879866
919.22,0.08645331,-0.18033383
919.67,0.08904997,-0.16184609
920.11,0.09233659,-0.14381313
920.55,0.09424637,-0.12616638
920.99,0.09468781,-0.10882155
921.43,0.09472129,-0.09312213
921.87,0.09424633,-0.08626911
922.31,0.09252488,-0.08002711
922.76,0.09053425,-0.07401362
923.20,0.08999471,-0.06830559
923.64,0.09041433,-0.06267896
924.08,0.09081531,-0.05750134
924.52,0.09080106,-0.05251668
924.96,0.08900095,-0.04794092
925.40,0.08528708,-0.04351788
925.84,0.08183594,-0.03934607
926.29,0.07960758,-0.03514698
926.73,0.07758776,-0.03073135
927.17,0.07526568,-0.02582459
927.61,0.07316076,-0.02103875
928.05,0.07263481,-0.01585353
928.49,0.07483908,-0.01085332
928.93,0.07878526,-0.00542657
929.37,0.08202722,-0.00018010
929.81,0.08361947,0.00757608
930.25,0.08431896,0.01552928
930.70,0.08382894,0.02333932
931.14,0.08115255,0.03135326
931.58,0.07694839,0.03958083
932.02,0.07253909,0.04789766
932.46,0.06768917,0.05653720
932.90,0.06305339,0.06523334
933.34,0.06157154,0.07411831
933.78,0.06208487,0.08333551
934.22,0.06058076,0.09276014
934.66,0.05783105,0.10231282
935.10,0.05607165,0.11200542
935.54,0.05398763,0.12184019
935.98,0.04996414,0.13183676
936.42,0.04604310,0.14184550
936.86,0.04503045,0.15225660
937.30,0.04559582,0.16247135
937.74,0.04632981,0.17651357
938.18,0.04898775,0.19923993
938.62,0.05281318,0.22224447
939.06,0.05437677,0.24512717
939.51,0.05342721,0.26792885
939.95,0.05183151,0.29020020
940.39,0.05012521,0.31179325
940.83,0.04912231,0.33260366
941.27,0.04969279,0.35230403
941.71,0.05102589,0.37074328
942.15,0.05174347,0.38744863
942.59,0.05107098,0.40244506
943.03,0.04926488,0.41553911
943.47,0.04679262,0.42664995
943.91,0.04446952,0.43568846
944.35,0.04248469,0.44216532
944.79,0.03926124,0.44579865
945.22,0.03518188,0.44626133
945.66,0.03280896,0.44365393
946.10,0.03257148,0.42536839
946.54,0.03249120,0.37971393
946.98,0.03135520,0.33076625
947.42,0.03027744,0.27871329
947.86,0.03009940,0.22444389
948.30,0.02950668,0.16832305
948.74,0.02860558,0.11083843
949.18,0.02935301,0.05223679
949.62,0.03034339,-0.00687539
950.06,0.02934074,-0.06607917
950.50,0.02861178,-0.12510782
950.94,0.02984689,-0.18338509
951.38,0.03029945,-0.24060983
951.82,0.02867609,-0.29612552
952.26,0.02744342,-0.34955449
952.70,0.02718576,-0.40061015
953.14,0.02664592,-0.44910410
953.58,0.02725900,-0.49424893
954.01,0.02960653,-0.53557233
954.45,0.03065774,-0.57124638
954.89,0.02934546,-0.56113328
955.33,0.02770776,-0.54693113
955.77,0.02699817,-0.52850287
956.21,0.02676964,-0.50616857
956.65,0.02600490,-0.48038594
957.09,0.02515998,-0.45147767
957.53,0.02517583,-0.41963449
957.97,0.02542658,-0.38506402
958.40,0.02531518,-0.34812444
958.84,0.02478512,-0.30894959
959.28,0.02380526,-0.26794249
959.72,0.02355288,-0.22571832
960.16,0.02511032,-0.18237167
960.60,0.02676983,-0.13830574
961.04,0.02637495,-0.09375040
961.48,0.02458960,-0.04896349
961.91,0.02307393,-0.00428286
962.35,0.02158470,0.04016905
962.79,0.01914490,0.08423350
963.23,0.01590212,0.12035542
963.67,0.01266285,0.14158427
964.11,0.01143509,0.16158467
964.55,0.01353137,0.18071956
964.98,0.01714225,0.19894776
965.42,0.01891816,0.21638305
965.86,0.01740261,0.23288666
966.30,0.01472478,0.24837898
966.74,0.01261372,0.26286275
967.18,0.01112580,0.27639680
967.61,0.01150578,0.28923598
968.05,0.01459339,0.30147891
968.49,0.01786742,0.31298751
968.93,0.01822894,0.32395373
969.37,0.01555751,0.33426945
969.80,0.01142955,0.34395610
970.24,0.00795843,0.35300956
970.68,0.00664397,0.36163706
971.12,0.00683000,0.36952130
971.56,0.00702168,0.37680855
971.99,0.00814278,0.38592980
972.43,0.01177734,0.40055120
972.87,0.01544062,0.41517708
973.31,0.01531999,0.42957006
973.75,0.01274674,0.44337115
974.18,0.01214452,0.45644328
974.62,0.01251929,0.46906082
975.06,0.01048886,0.48106308
975.50,0.00771452,0.49223418
975.93,0.00606298,0.50253544
976.37,0.00501114,0.51190433
976.81,0.00504596,0.51993205
977.25,0.00589626,0.52678447
977.68,0.00598764,0.53237553
978.12,0.00505679,0.53647480
978.56,0.00423890,0.53920498
979.00,0.00546259,0.54049623
979.43,0.00865889,0.54004787
979.87,0.01070118,0.53783752
980.31,0.01026787,0.53376761
980.75,0.00895178,0.52770502
981.18,0.00731948,0.50559593
981.62,0.00519036,0.47780483
982.06,0.00495680,0.44861819
982.50,0.00878850,0.41799403
982.93,0.01480086,0.38619107
983.37,0.01951425,0.35360586
983.81,0.02081422,0.32014594
984.24,0.01834681,0.28614670
984.68,0.01462561,0.25175940
985.12,0.01335436,0.21709348
985.56,0.01368876,0.18243326
985.99,0.01283312,0.14780442
986.43,0.01152695,0.11359298
986.87,0.01168646,0.07974917
987.30,0.01239647,0.04651578
987.74,0.01094085,0.01448114
988.18,0.00744271,-0.01657792
988.61,0.00327399,-0.04640551
989.05,0.00024321,-0.07457906
989.49,0.00143030,-0.10115906
989.92,0.00487828,-0.12590498
990.36,0.00639220,-0.12948047
990.80,0.00796072,-0.12871605
991.23,0.01234015,-0.12611505
991.67,0.01620886,-0.12165226
992.11,0.01469767,-0.11563374
992.54,0.00877982,-0.10791744
992.98,0.00388123,-0.09878905
993.42,0.00222030,-0.08813918
993.85,0.00291407,-0.07624498
994.29,0.00451000,-0.06332925
994.72,0.00369680,-0.04938040
995.16,0.00033805,-0.03441039
995.60,-0.00019936,-0.01872472
996.03,0.00370496,-0.00229280
996.47,0.00783070,0.01456768
996.91,0.01042124,0.03171337
997.34,0.01276971,0.04928227
997.78,0.01460029,0.06693514
998.21,0.01407270,0.08475741
998.65,0.01029100,0.10219380
999.09,0.00445532,0.11936300
999.52,-0.00126961,0.13137051
999.96,0.00240800,0.13962855
1000.39,-0.00235577,0.14780845
1000.83,0.00317227,0.15562193
1001.26,0.00952994,0.16355280
1001.70,0.01459094,0.17116162
1002.14,0.01586177,0.17889467
1002.57,0.01033558,0.18650337
1003.01,0.00163977,0.19396950
1003.44,-0.00063403,0.20139470
1003.88,0.00522030,0.20830262
1004.31,0.01055524,0.21521763
1004.75,0.01061510,0.22188479
1005.19,0.00925805,0.22863646
1005.62,0.00919696,0.23515416
1006.06,0.00909250,0.24128592
1006.49,0.00828771,0.24710594
1006.93,0.00731285,0.25270537
1007.36,0.00716954,0.25821310
1007.80,0.00849834,0.26333357
1008.23,0.00953362,0.26803163
1008.67,0.01016213,0.27230272
1009.10,0.01209236,0.27677736
1009.54,0.01378074,0.28077312
1009.97,0.01318953,0.28459269
1010.41,0.01056585,0.28841057
1010.85,0.00790421,0.29176512
1011.28,0.00726473,0.29480532
1011.72,0.00810642,0.29745736
1012.15,0.00716166,0.29969559
1012.59,0.00364925,0.30153271
1013.02,-0.00016882,0.30297159
1013.46,0.00292834,0.30402093
1013.89,-0.01429745,0.30454555
1014.33,-0.02212928,0.30476177
1014.76,-0.02248794,0.30445185
1015.19,-0.01522050,0.30366864
1015.63,0.00288188,0.30233191
1016.06,0.00382450,0.30049012
1016.50,0.01136098,0.29810154
1016.93,0.00925680,0.29510044
1017.37,0.00191278,0.29165881
1017.80,0.00022291,0.28767344
1018.24,0.00398100,0.28323251
1018.67,0.00707848,0.27527084
1019.11,0.00694224,0.26480326
1019.54,0.00492064,0.25416054
1019.98,0.00355532,0.24299366
1020.41,0.00336858,0.23165095
1020.84,0.00536388,0.21997477
1021.28,0.00932901,0.20806447
1021.71,0.01258229,0.19582885
1022.15,0.01463324,0.18329080
1022.58,0.01361306,0.17092437
1023.02,0.00835281,0.15900148
1023.45,0.00315021,0.14747326
1023.88,0.00103590,0.13623002
1024.32,0.00122982,0.12523114
1024.75,0.00191919,0.11453189
1025.19,0.00349086,0.10410703
1025.62,0.01008122,0.09424429
1026.06,0.01981169,0.08483026
1026.49,0.02209990,0.07600631
1026.92,0.01452975,0.06777599
1027.36,0.00691041,0.06066881
1027.79,0.00590435,0.05417286
1028.23,0.00966685,0.04833751
1028.66,0.01169223,0.07064573
1029.09,0.00499187,0.09504573
1029.53,0.00544936,0.11962613
1029.96,0.00237859,0.14445624
1030.39,-0.00292962,0.16902564
1030.83,0.00172906,0.19310948
1031.26,-0.00256830,0.21624862
1031.69,0.00234285,0.23841116
1032.13,-0.00167523,0.25905179
1032.56,-0.00098054,0.27784134
1033.00,0.00383887,0.29502284
1033.43,-0.00336668,0.31000484
1033.86,0.00135041,0.32286683
1034.30,0.00769852,0.33293640
1034.73,0.01462905,0.34030080
1035.16,0.01527228,0.34438389
1035.60,0.00964818,0.34515415
1036.03,0.00786282,0.34199346
1036.46,0.01288181,0.33509317
1036.90,0.01855696,0.32392176
1037.33,0.02174704,0.30841346
1037.76,0.02215996,0.28797809
1038.20,0.01990070,0.26269141
1038.63,0.01633672,0.21131297
1039.06,0.01426607,0.14913987
1039.49,0.01627504,0.08134503
1039.93,0.02056539,0.00771073
1040.36,0.02548056,-0.07149571
1040.79,0.03176309,-0.15632364
1041.23,0.03368622,-0.24729762
1041.66,0.02456158,-0.34395999
1042.09,0.01271185,-0.44627699
1042.53,0.01072864,-0.55367602
1042.96,0.01227453,-0.66686107
1043.39,0.00893224,-0.78584535
1043.82,0.00765377,-0.91075967
1044.26,0.00894635,-1.04168539
1044.69,0.00223720,-1.17851537
1045.12,0.00257281,-1.32132987
1045.55,-0.02783170,-1.47012886
1045.99,-0.03307462,-1.62503627
1046.42,-0.03074587,-1.78621120
1046.85,-0.00419917,-1.95328207
1047.28,-0.00332330,-2.12619289
1047.72,0.01286615,-2.30521449
1048.15,0.01676298,-2.48993637
1048.58,0.01076241,-2.68058082
1049.01,0.00356063,-2.87759265
1049.45,0.00062368,-3.08023897
1049.88,0.00323530,-3.28854416
